{"weights": [1.1501413877200606, 1.9373083985895512, 0.07175231093626275, -0.04283321362529321], "bias": -3.0184766423418585, "mean": [60.67626219803625, 1.9935574983846232, 99.51994380150414, 1499.5530262853601], "std": [14.823277659433622, 1.0051026812705675, 9.994136145395387, 103.3160866728968]}